<?xml version="1.0" encoding="UTF-8"?>
<simplicite xmlns:xsi="http://www.w3.org/2001/XMLSchema-instance" xmlns="http://www.simplicite.fr/base" xsi:schemaLocation="http://www.simplicite.fr/base https://www.simplicite.io/resources/schemas/base.xsd">
<object>
	<name>ArtArtist</name>
	<action>upsert</action>
	<data>
		<artArtLastname>Boudin</artArtLastname>
		<artArtFirstname>Eugène</artArtFirstname>
		<artArtYear>1824</artArtYear>
		<artArtRatingFormula/>
	</data>
</object>
<object>
	<name>ArtArtist</name>
	<action>upsert</action>
	<data>
		<artArtLastname>Cézanne</artArtLastname>
		<artArtFirstname>Paul</artArtFirstname>
		<artArtYear>1839</artArtYear>
		<artArtRatingFormula/>
	</data>
</object>
<object>
	<name>ArtArtist</name>
	<action>upsert</action>
	<data>
		<artArtLastname>eet</artArtLastname>
		<artArtFirstname>Hack</artArtFirstname>
		<artArtYear>2000</artArtYear>
		<artArtRatingFormula/>
	</data>
</object>
<object>
	<name>ArtArtist</name>
	<action>upsert</action>
	<data>
		<artArtLastname>Gauguin</artArtLastname>
		<artArtFirstname>Paul</artArtFirstname>
		<artArtYear>1848</artArtYear>
		<artArtRatingFormula/>
	</data>
</object>
<object>
	<name>ArtArtist</name>
	<action>upsert</action>
	<data>
		<artArtLastname>Manet</artArtLastname>
		<artArtFirstname>Édouard</artArtFirstname>
		<artArtYear>1832</artArtYear>
		<artArtRatingFormula/>
	</data>
</object>
<object>
	<name>ArtArtist</name>
	<action>upsert</action>
	<data>
		<artArtLastname>Monet</artArtLastname>
		<artArtFirstname>Claude</artArtFirstname>
		<artArtYear>1840</artArtYear>
		<artArtRatingFormula/>
	</data>
</object>
<object>
	<name>ArtArtist</name>
	<action>upsert</action>
	<data>
		<artArtLastname>Pissaro</artArtLastname>
		<artArtFirstname>Camille</artArtFirstname>
		<artArtYear>1830</artArtYear>
		<artArtRatingFormula/>
	</data>
</object>
<object>
	<name>ArtArtist</name>
	<action>upsert</action>
	<data>
		<artArtLastname>Seurat</artArtLastname>
		<artArtFirstname>Georges-Perre</artArtFirstname>
		<artArtYear>1859</artArtYear>
		<artArtRatingFormula/>
	</data>
</object>
<object>
	<name>ArtArtist</name>
	<action>upsert</action>
	<data>
		<artArtLastname>Turner</artArtLastname>
		<artArtFirstname>Wiliam</artArtFirstname>
		<artArtYear>1775</artArtYear>
		<artArtRatingFormula/>
	</data>
</object>
<object>
	<name>ArtArtist</name>
	<action>upsert</action>
	<data>
		<artArtLastname>Van Gogh</artArtLastname>
		<artArtFirstname>Vincent</artArtFirstname>
		<artArtYear>1853</artArtYear>
		<artArtRatingFormula/>
	</data>
</object>
<object>
	<name>ArtArtist</name>
	<action>upsert</action>
	<data>
		<artArtLastname>Work</artArtLastname>
		<artArtFirstname>We</artArtFirstname>
		<artArtYear>2019</artArtYear>
		<artArtRatingFormula/>
	</data>
</object>
<object>
	<name>ArtOwner</name>
	<action>upsert</action>
	<data>
		<artOwnName>John Doe</artOwnName>
	</data>
</object>
<object>
	<name>ArtPlace</name>
	<action>upsert</action>
	<data>
		<artPlcName>Beaubourg</artPlcName>
		<artPlcPublic>1</artPlcPublic>
	</data>
</object>
<object>
	<name>ArtPlace</name>
	<action>upsert</action>
	<data>
		<artPlcName>Fondation Louis Vuitton</artPlcName>
		<artPlcPublic>0</artPlcPublic>
	</data>
</object>
<object>
	<name>ArtPlace</name>
	<action>upsert</action>
	<data>
		<artPlcName>Musée d'Orsay</artPlcName>
		<artPlcPublic>1</artPlcPublic>
	</data>
</object>
<object>
	<name>ArtPlace</name>
	<action>upsert</action>
	<data>
		<artPlcName>Musée de l'orangerie</artPlcName>
		<artPlcPublic>1</artPlcPublic>
	</data>
</object>
<object>
	<name>ArtPlace</name>
	<action>upsert</action>
	<data>
		<artPlcName>Musée Jacquemart-André</artPlcName>
		<artPlcPublic>0</artPlcPublic>
	</data>
</object>
<object>
	<name>ArtPlace</name>
	<action>upsert</action>
	<data>
		<artPlcName>Musée Marmottan Monet</artPlcName>
		<artPlcPublic>0</artPlcPublic>
	</data>
</object>
<object>
	<name>ArtPiece</name>
	<action>upsert</action>
	<data>
		<artPicTitle>Massif de l'Estérel</artPicTitle>
		<artPicArtistId.artArtFirstname>Claude</artPicArtistId.artArtFirstname>
		<artPicArtistId.artArtLastname>Monet</artPicArtistId.artArtLastname>
		<artPicArtistId.artArtRatingFormula/>
		<artPicYear>1888</artPicYear>
		<artPicTecId.artTecName/>
		<artPicHeight>0</artPicHeight>
		<artPicWidth>0</artPicWidth>
		<artPicSigned>1</artPicSigned>
		<artPicPicture>ArtPiece/artPicPicture/0/8/IMG_20190331_162500.jpg</artPicPicture>
		<artPicState>SELLING</artPicState>
		<artPicCode>CM1</artPicCode>
		<artPicCodeBis/>
		<artPicEntry>2024-07-30</artPicEntry>
		<artPicPlaceId.artPlcName/>
		<artPicOwnId.artOwnName>John Doe</artPicOwnId.artOwnName>
		<artPicPrice/>
		<artPicEstimatedPrice/>
		<artPicComment/>
		<artPicDocument/>
		<artPicScore/>
	</data>
</object>
<object>
	<name>ArtPiece</name>
	<action>upsert</action>
	<data>
		<artPicTitle>Un bar aux Folies Bergère</artPicTitle>
		<artPicArtistId.artArtFirstname>Édouard</artPicArtistId.artArtFirstname>
		<artPicArtistId.artArtLastname>Manet</artPicArtistId.artArtLastname>
		<artPicArtistId.artArtRatingFormula/>
		<artPicYear>1881</artPicYear>
		<artPicTecId.artTecName/>
		<artPicHeight>96</artPicHeight>
		<artPicWidth>103</artPicWidth>
		<artPicSigned>1</artPicSigned>
		<artPicPicture>ArtPiece/artPicPicture/0/6/IMG_20190331_161858.jpg</artPicPicture>
		<artPicState>SELLING</artPicState>
		<artPicCode>EM1</artPicCode>
		<artPicCodeBis/>
		<artPicEntry>2024-07-30</artPicEntry>
		<artPicPlaceId.artPlcName>Fondation Louis Vuitton</artPicPlaceId.artPlcName>
		<artPicOwnId.artOwnName>John Doe</artPicOwnId.artOwnName>
		<artPicPrice/>
		<artPicEstimatedPrice/>
		<artPicComment><![CDATA[Collection courtauld]]></artPicComment>
		<artPicDocument/>
		<artPicScore/>
	</data>
</object>
<object>
	<name>ArtPiece</name>
	<action>upsert</action>
	<data>
		<artPicTitle>Le pont de Courbevoie</artPicTitle>
		<artPicArtistId.artArtFirstname>Georges-Perre</artPicArtistId.artArtFirstname>
		<artPicArtistId.artArtLastname>Seurat</artPicArtistId.artArtLastname>
		<artPicArtistId.artArtRatingFormula/>
		<artPicYear>1887</artPicYear>
		<artPicTecId.artTecName/>
		<artPicHeight>46.4</artPicHeight>
		<artPicWidth>53.5</artPicWidth>
		<artPicSigned>1</artPicSigned>
		<artPicPicture>ArtPiece/artPicPicture/0/4/IMG_20190331_162731_50.jpg</artPicPicture>
		<artPicState>SELLING</artPicState>
		<artPicCode>GS1</artPicCode>
		<artPicCodeBis/>
		<artPicEntry>2024-07-30</artPicEntry>
		<artPicPlaceId.artPlcName>Fondation Louis Vuitton</artPicPlaceId.artPlcName>
		<artPicOwnId.artOwnName>John Doe</artPicOwnId.artOwnName>
		<artPicPrice/>
		<artPicEstimatedPrice/>
		<artPicComment><![CDATA[Colection Courtauld]]></artPicComment>
		<artPicDocument/>
		<artPicScore/>
	</data>
</object>
<object>
	<name>ArtPiece</name>
	<action>upsert</action>
	<data>
		<artPicTitle>Lego</artPicTitle>
		<artPicArtistId.artArtFirstname>Hack</artPicArtistId.artArtFirstname>
		<artPicArtistId.artArtLastname>eet</artPicArtistId.artArtLastname>
		<artPicArtistId.artArtRatingFormula/>
		<artPicYear/>
		<artPicTecId.artTecName/>
		<artPicHeight>50</artPicHeight>
		<artPicWidth>50</artPicWidth>
		<artPicSigned>0</artPicSigned>
		<artPicPicture>ArtPiece/artPicPicture/0/13/1558980413488609682355729667203.jpg</artPicPicture>
		<artPicState>SELLING</artPicState>
		<artPicCode>Hh</artPicCode>
		<artPicCodeBis/>
		<artPicEntry>2024-07-30</artPicEntry>
		<artPicPlaceId.artPlcName/>
		<artPicOwnId.artOwnName>John Doe</artPicOwnId.artOwnName>
		<artPicPrice/>
		<artPicEstimatedPrice/>
		<artPicComment/>
		<artPicDocument/>
		<artPicScore/>
	</data>
</object>
<object>
	<name>ArtPiece</name>
	<action>upsert</action>
	<data>
		<artPicTitle>L'homme à la pipe</artPicTitle>
		<artPicArtistId.artArtFirstname>Paul</artPicArtistId.artArtFirstname>
		<artPicArtistId.artArtLastname>Cézanne</artPicArtistId.artArtLastname>
		<artPicArtistId.artArtRatingFormula/>
		<artPicYear>1896</artPicYear>
		<artPicTecId.artTecName/>
		<artPicHeight>10</artPicHeight>
		<artPicWidth>10</artPicWidth>
		<artPicSigned>1</artPicSigned>
		<artPicPicture>ArtPiece/artPicPicture/0/2/IMG_20190331_163211_50.jpg</artPicPicture>
		<artPicState>SELLING</artPicState>
		<artPicCode>PC1</artPicCode>
		<artPicCodeBis/>
		<artPicEntry>2024-07-30</artPicEntry>
		<artPicPlaceId.artPlcName>Fondation Louis Vuitton</artPicPlaceId.artPlcName>
		<artPicOwnId.artOwnName>John Doe</artPicOwnId.artOwnName>
		<artPicPrice/>
		<artPicEstimatedPrice/>
		<artPicComment/>
		<artPicDocument/>
		<artPicScore/>
	</data>
</object>
<object>
	<name>ArtPiece</name>
	<action>upsert</action>
	<data>
		<artPicTitle>Le Lac Bleu</artPicTitle>
		<artPicArtistId.artArtFirstname>Paul</artPicArtistId.artArtFirstname>
		<artPicArtistId.artArtLastname>Cézanne</artPicArtistId.artArtLastname>
		<artPicArtistId.artArtRatingFormula/>
		<artPicYear>1896</artPicYear>
		<artPicTecId.artTecName/>
		<artPicHeight>64</artPicHeight>
		<artPicWidth>79</artPicWidth>
		<artPicSigned>1</artPicSigned>
		<artPicPicture>ArtPiece/artPicPicture/0/7/IMG_20190331_163419.jpg</artPicPicture>
		<artPicState>SELLING</artPicState>
		<artPicCode>PC2</artPicCode>
		<artPicCodeBis/>
		<artPicEntry>2024-07-30</artPicEntry>
		<artPicPlaceId.artPlcName>Fondation Louis Vuitton</artPicPlaceId.artPlcName>
		<artPicOwnId.artOwnName>John Doe</artPicOwnId.artOwnName>
		<artPicPrice/>
		<artPicEstimatedPrice/>
		<artPicComment><![CDATA[Collection Courtauld]]></artPicComment>
		<artPicDocument/>
		<artPicScore/>
	</data>
</object>
<object>
	<name>ArtPiece</name>
	<action>upsert</action>
	<data>
		<artPicTitle>La Montagne Sainte-Victoire</artPicTitle>
		<artPicArtistId.artArtFirstname>Paul</artPicArtistId.artArtFirstname>
		<artPicArtistId.artArtLastname>Cézanne</artPicArtistId.artArtLastname>
		<artPicArtistId.artArtRatingFormula/>
		<artPicYear>1887</artPicYear>
		<artPicTecId.artTecName/>
		<artPicHeight>67</artPicHeight>
		<artPicWidth>92</artPicWidth>
		<artPicSigned>1</artPicSigned>
		<artPicPicture>ArtPiece/artPicPicture/0/10/IMG_20190331_163534.jpg</artPicPicture>
		<artPicState>SELLING</artPicState>
		<artPicCode>PC3</artPicCode>
		<artPicCodeBis/>
		<artPicEntry>2024-07-30</artPicEntry>
		<artPicPlaceId.artPlcName>Fondation Louis Vuitton</artPicPlaceId.artPlcName>
		<artPicOwnId.artOwnName>John Doe</artPicOwnId.artOwnName>
		<artPicPrice/>
		<artPicEstimatedPrice/>
		<artPicComment><![CDATA[Collection Courtauld]]></artPicComment>
		<artPicDocument/>
		<artPicScore/>
	</data>
</object>
<object>
	<name>ArtPiece</name>
	<action>upsert</action>
	<data>
		<artPicTitle>Nuit étoilée</artPicTitle>
		<artPicArtistId.artArtFirstname>Vincent</artPicArtistId.artArtFirstname>
		<artPicArtistId.artArtLastname>Van Gogh</artPicArtistId.artArtLastname>
		<artPicArtistId.artArtRatingFormula/>
		<artPicYear/>
		<artPicTecId.artTecName/>
		<artPicHeight>10</artPicHeight>
		<artPicWidth>10</artPicWidth>
		<artPicSigned>1</artPicSigned>
		<artPicPicture>ArtPiece/artPicPicture/0/1/vangogh.png</artPicPicture>
		<artPicState>SELLING</artPicState>
		<artPicCode>VG1</artPicCode>
		<artPicCodeBis/>
		<artPicEntry>2024-07-30</artPicEntry>
		<artPicPlaceId.artPlcName/>
		<artPicOwnId.artOwnName>John Doe</artPicOwnId.artOwnName>
		<artPicPrice/>
		<artPicEstimatedPrice/>
		<artPicComment><![CDATA[t3]]></artPicComment>
		<artPicDocument/>
		<artPicScore/>
	</data>
</object>
<object>
	<name>ArtPiece</name>
	<action>upsert</action>
	<data>
		<artPicTitle>Le semeur</artPicTitle>
		<artPicArtistId.artArtFirstname>Vincent</artPicArtistId.artArtFirstname>
		<artPicArtistId.artArtLastname>Van Gogh</artPicArtistId.artArtLastname>
		<artPicArtistId.artArtRatingFormula/>
		<artPicYear>1888</artPicYear>
		<artPicTecId.artTecName/>
		<artPicHeight>10</artPicHeight>
		<artPicWidth>10</artPicWidth>
		<artPicSigned>1</artPicSigned>
		<artPicPicture>ArtPiece/artPicPicture/0/9/le-semeur.jpg</artPicPicture>
		<artPicState>SELLING</artPicState>
		<artPicCode>VG2</artPicCode>
		<artPicCodeBis/>
		<artPicEntry>2024-07-30</artPicEntry>
		<artPicPlaceId.artPlcName/>
		<artPicOwnId.artOwnName>John Doe</artPicOwnId.artOwnName>
		<artPicPrice/>
		<artPicEstimatedPrice/>
		<artPicComment/>
		<artPicDocument/>
		<artPicScore/>
	</data>
</object>
<object>
	<name>ArtPiece</name>
	<action>upsert</action>
	<data>
		<artPicTitle>L'Eglise d'Auvers-Sur-Oise</artPicTitle>
		<artPicArtistId.artArtFirstname>Vincent</artPicArtistId.artArtFirstname>
		<artPicArtistId.artArtLastname>Van Gogh</artPicArtistId.artArtLastname>
		<artPicArtistId.artArtRatingFormula/>
		<artPicYear>1890</artPicYear>
		<artPicTecId.artTecName/>
		<artPicHeight>74</artPicHeight>
		<artPicWidth>90</artPicWidth>
		<artPicSigned>1</artPicSigned>
		<artPicPicture>ArtPiece/artPicPicture/0/5/vg3.png</artPicPicture>
		<artPicState>SELLING</artPicState>
		<artPicCode>VG3</artPicCode>
		<artPicCodeBis/>
		<artPicEntry>2024-07-30</artPicEntry>
		<artPicPlaceId.artPlcName/>
		<artPicOwnId.artOwnName>John Doe</artPicOwnId.artOwnName>
		<artPicPrice/>
		<artPicEstimatedPrice/>
		<artPicComment/>
		<artPicDocument/>
		<artPicScore/>
	</data>
</object>
<object>
	<name>ArtPiece</name>
	<action>upsert</action>
	<data>
		<artPicTitle>Champ de blé avec cyprès</artPicTitle>
		<artPicArtistId.artArtFirstname>Vincent</artPicArtistId.artArtFirstname>
		<artPicArtistId.artArtLastname>Van Gogh</artPicArtistId.artArtLastname>
		<artPicArtistId.artArtRatingFormula/>
		<artPicYear>1889</artPicYear>
		<artPicTecId.artTecName/>
		<artPicHeight>72</artPicHeight>
		<artPicWidth>90</artPicWidth>
		<artPicSigned>1</artPicSigned>
		<artPicPicture>ArtPiece/artPicPicture/0/3/IMG_20190331_163921_50.jpg</artPicPicture>
		<artPicState>SELLING</artPicState>
		<artPicCode>VG4</artPicCode>
		<artPicCodeBis/>
		<artPicEntry>2024-07-30</artPicEntry>
		<artPicPlaceId.artPlcName>Fondation Louis Vuitton</artPicPlaceId.artPlcName>
		<artPicOwnId.artOwnName>John Doe</artPicOwnId.artOwnName>
		<artPicPrice/>
		<artPicEstimatedPrice/>
		<artPicComment><![CDATA[Collection Courtauld]]></artPicComment>
		<artPicDocument/>
		<artPicScore/>
	</data>
</object>
<object>
	<name>ArtPiece</name>
	<action>upsert</action>
	<data>
		<artPicTitle>VG4</artPicTitle>
		<artPicArtistId.artArtFirstname>Vincent</artPicArtistId.artArtFirstname>
		<artPicArtistId.artArtLastname>Van Gogh</artPicArtistId.artArtLastname>
		<artPicArtistId.artArtRatingFormula/>
		<artPicYear/>
		<artPicTecId.artTecName/>
		<artPicHeight/>
		<artPicWidth/>
		<artPicSigned>2</artPicSigned>
		<artPicPicture>ArtPiece/artPicPicture/0/12/thumbtest.png</artPicPicture>
		<artPicState>SELLING</artPicState>
		<artPicCode>VG5</artPicCode>
		<artPicCodeBis/>
		<artPicEntry>2024-07-30</artPicEntry>
		<artPicPlaceId.artPlcName/>
		<artPicOwnId.artOwnName>John Doe</artPicOwnId.artOwnName>
		<artPicPrice/>
		<artPicEstimatedPrice/>
		<artPicComment/>
		<artPicDocument/>
		<artPicScore/>
	</data>
</object>
<object>
	<name>ArtPiece</name>
	<action>upsert</action>
	<data>
		<artPicTitle/>
		<artPicArtistId.artArtFirstname>We</artPicArtistId.artArtFirstname>
		<artPicArtistId.artArtLastname>Work</artPicArtistId.artArtLastname>
		<artPicArtistId.artArtRatingFormula/>
		<artPicYear/>
		<artPicTecId.artTecName/>
		<artPicHeight>100</artPicHeight>
		<artPicWidth>100</artPicWidth>
		<artPicSigned>2</artPicSigned>
		<artPicPicture>ArtPiece/artPicPicture/0/11/15589739297348197587719443594535.jpg</artPicPicture>
		<artPicState>SELLING</artPicState>
		<artPicCode>Ww3</artPicCode>
		<artPicCodeBis/>
		<artPicEntry>2024-07-30</artPicEntry>
		<artPicPlaceId.artPlcName/>
		<artPicOwnId.artOwnName>John Doe</artPicOwnId.artOwnName>
		<artPicPrice/>
		<artPicEstimatedPrice/>
		<artPicComment/>
		<artPicDocument/>
		<artPicScore/>
	</data>
</object>
<object>
	<name>ArtExhibition</name>
	<action>upsert</action>
	<data>
		<artExbDate>2019-05-09</artExbDate>
		<artExbPlcId.artPlcName>Beaubourg</artExbPlcId.artPlcName>
		<artExbCommissaire/>
		<artExbDescrition/>
	</data>
</object>
<object>
	<name>ArtExhibition</name>
	<action>upsert</action>
	<data>
		<artExbDate>2019-03-31</artExbDate>
		<artExbPlcId.artPlcName>Fondation Louis Vuitton</artExbPlcId.artPlcName>
		<artExbCommissaire/>
		<artExbDescrition/>
	</data>
</object>
<object>
	<name>ArtTag</name>
	<action>upsert</action>
	<data>
		<artTagLabel>Test</artTagLabel>
		<artTagDescription/>
		<artTagPublic>1</artTagPublic>
	</data>
</object>
<object>
	<name>ArtTag</name>
	<action>upsert</action>
	<data>
		<artTagLabel>TestPrivate</artTagLabel>
		<artTagDescription/>
		<artTagPublic>0</artTagPublic>
	</data>
</object>
<object>
	<name>ArtTagPiece</name>
	<action>upsert</action>
	<data>
		<artTpTagId.artTagLabel>Test</artTpTagId.artTagLabel>
		<artTpPieceId.artPicCode>VG1</artTpPieceId.artPicCode>
	</data>
</object>
<object>
	<name>ArtTagPiece</name>
	<action>upsert</action>
	<data>
		<artTpTagId.artTagLabel>TestPrivate</artTpTagId.artTagLabel>
		<artTpPieceId.artPicCode>VG1</artTpPieceId.artPicCode>
	</data>
</object>
</simplicite>
